# ************************************************************
# Sequel Pro SQL dump
# Версия 4499
#
# http://www.sequelpro.com/
# https://github.com/sequelpro/sequelpro
#
# Адрес: 127.0.0.1 (MySQL 5.7.12)
# Схема: homestead
# Время создания: 2016-07-04 15:28:35 +0000
# ************************************************************


/*!40101 SET @OLD_CHARACTER_SET_CLIENT=@@CHARACTER_SET_CLIENT */;
/*!40101 SET @OLD_CHARACTER_SET_RESULTS=@@CHARACTER_SET_RESULTS */;
/*!40101 SET @OLD_COLLATION_CONNECTION=@@COLLATION_CONNECTION */;
/*!40101 SET NAMES utf8 */;
/*!40014 SET @OLD_FOREIGN_KEY_CHECKS=@@FOREIGN_KEY_CHECKS, FOREIGN_KEY_CHECKS=0 */;
/*!40101 SET @OLD_SQL_MODE=@@SQL_MODE, SQL_MODE='NO_AUTO_VALUE_ON_ZERO' */;
/*!40111 SET @OLD_SQL_NOTES=@@SQL_NOTES, SQL_NOTES=0 */;


# Дамп таблицы adverts
# ------------------------------------------------------------

DROP TABLE IF EXISTS `adverts`;

CREATE TABLE `adverts` (
  `user_id` int(10) unsigned NOT NULL AUTO_INCREMENT,
  `user_first_name` varchar(255) COLLATE utf8_unicode_ci NOT NULL,
  `user_last_name` varchar(255) COLLATE utf8_unicode_ci NOT NULL,
  `user_login` varchar(255) COLLATE utf8_unicode_ci NOT NULL,
  `user_password` varchar(255) COLLATE utf8_unicode_ci NOT NULL,
  `created_at` timestamp NULL DEFAULT NULL,
  `updated_at` timestamp NULL DEFAULT NULL,
  PRIMARY KEY (`user_id`),
  UNIQUE KEY `adverts_user_login_unique` (`user_login`)
) ENGINE=InnoDB DEFAULT CHARSET=utf8 COLLATE=utf8_unicode_ci;

LOCK TABLES `adverts` WRITE;
/*!40000 ALTER TABLE `adverts` DISABLE KEYS */;

INSERT INTO `adverts` (`user_id`, `user_first_name`, `user_last_name`, `user_login`, `user_password`, `created_at`, `updated_at`)
VALUES
	(1,'Раиса','Панов','igurev@gordeev.net','$2y$10$D1J2Ulc4Ow7U0zwEkb4kiucbh9sB52m3SXy80T3T5Dy48aXyMkQ2a','2016-07-04 15:10:20','2016-07-04 15:10:20'),
	(2,'Майя','Михайлов','udin.klara@bk.ru','$2y$10$NdzQxEgTyqg6gWGXK0QQJO6t7L04luLD./wvs4bMmv4aAxeyDI/S6','2016-07-04 15:10:20','2016-07-04 15:10:20'),
	(3,'Артём','Кондратьев','xkolesnikov@cernov.ru','$2y$10$vE2rDrAlbXIgRjQ56fQau.1zYzavi6A320conE9c/4jSNajTAFRju','2016-07-04 15:10:20','2016-07-04 15:10:20'),
	(4,'Фёдор','Николаев','radislav03@lytkin.com','$2y$10$k6KzCZoIshSLShVpk6N1lu/Ljc7YaRrU46bQXbQyZkRn6coY32PzW','2016-07-04 15:10:20','2016-07-04 15:10:20'),
	(5,'Александр','Рожков','fignatov@strelkov.org','$2y$10$0l/l.DHtd30kkMtt/fXMdeAAgYyObQZCQPSdeUcslab7TLGyt6QiG','2016-07-04 15:10:20','2016-07-04 15:10:20'),
	(6,'Ростислав','Уваров','gusev.oleg@mail.ru','$2y$10$OJdfyXZc7AgpebX0qVeGaOd9IEvqTpXtL6cizRHXT/a60NNeyvhv.','2016-07-04 15:10:20','2016-07-04 15:10:20'),
	(7,'Изабелла','Никифоров','cvetkov.nikodim@sitnikov.ru','$2y$10$KI7cyNbJeirdWnuhEL889exSbxSS294yaYQoD5e.CeSR/zQX.8gxy','2016-07-04 15:10:20','2016-07-04 15:10:20'),
	(8,'Богдан','Горшков','afedoseev@gmail.com','$2y$10$Xo7mdY4pGp5SXdmXLhe4P.RIf859gYD9WnQUPIciU5jqgANmM9xuK','2016-07-04 15:11:16','2016-07-04 15:11:16'),
	(9,'Роберт','Орлов','bogdanov.polina@rodionov.ru','$2y$10$AAh4idoe2EdA4hHGgokRkOan1pMw3Rd64yh0TP3yT72SMbaOU96Le','2016-07-04 15:11:16','2016-07-04 15:11:16'),
	(10,'Игнатий','Зимин','stepan54@efremov.net','$2y$10$XMJ.fQDdwwS1sVO4Vw38ousDFpqhFmxf23sJk.WwpQ7PVMPUQF/eC','2016-07-04 15:11:16','2016-07-04 15:11:16'),
	(11,'Антон','Орехов','raisa.krylov@gerasimov.org','$2y$10$f7wCnp1EsLqJ14cm0nWwDe8OofE8QkKaF3HvKZZG.jub.dzqhrUq2','2016-07-04 15:11:16','2016-07-04 15:11:16'),
	(12,'Оксана','Савельев','petr.belov@sysoev.ru','$2y$10$0wS9N7RUqbkRlbOHK/Hlv.hfMTRgAX.jse0Gq7vdetSKzxKkZPCVq','2016-07-04 15:11:16','2016-07-04 15:11:16'),
	(13,'Илья','Петров','sorokin.innokentij@bobylev.com','$2y$10$0Axp7XWNM7RPIbN84tnbA.RlyvCtZgalPM9aIaqKjm78G2rOiZaHG','2016-07-04 15:11:16','2016-07-04 15:11:16'),
	(14,'Радислав','Коновалов','garri89@bk.ru','$2y$10$5pidbbPP/GgXhRqSRQRFLuUijQBui1EQ.92TdqWhOomaydyxv1im.','2016-07-04 15:11:16','2016-07-04 15:11:16'),
	(15,'Изабелла','Мухин','milan.davydov@kulikov.org','$2y$10$a.mrC9/61J/vCmZ8c2886eVf01r.iCgDiqaSQ7CIs9bgcIuLTPGu2','2016-07-04 15:11:17','2016-07-04 15:11:17'),
	(16,'Вячеслав','Васильев','izabella59@rodionov.ru','$2y$10$73p6n2r6raKXsDk/QBHyp.TjySqT6kYQ1MbwOkVeH0WGdfgGXerrO','2016-07-04 15:11:17','2016-07-04 15:11:17'),
	(17,'Валерий','Носов','vlad87@konstantinov.org','$2y$10$pEyp/plMB/7ShDv8Ou2Vau1hZIBo9l04VuqKUe4gZNFV06q8y3/PW','2016-07-04 15:11:17','2016-07-04 15:11:17'),
	(18,'Зинаида','Пахомов','afanasij40@bk.ru','$2y$10$2kPiHcxSIdoi7uCNKQuQ.e7WTEOPRCt6aQkPeKpA8FKf0oaCIpDYK','2016-07-04 15:11:17','2016-07-04 15:11:17'),
	(19,'Вера','Мясников','polakov.renata@list.ru','$2y$10$fo./foKD3Y4dD7nHGDVpWuElPZDbuBGsBr4DY3B8Aou7HZtS09Lp2','2016-07-04 15:11:17','2016-07-04 15:11:17'),
	(20,'Аким','Петухов','dfrolov@list.ru','$2y$10$wge8mQoFukEsvyVfkvWBEe2xddSYcfvyMQC.u4EQdDVLC5Y5Mcj32','2016-07-04 15:11:17','2016-07-04 15:11:17'),
	(21,'Марта','Евсеев','inga.ilin@efimov.ru','$2y$10$XBwhGcO1djKgjx5Ptet/zu09WNZWh8lEmXofELYHmq66w9Ki01X9C','2016-07-04 15:11:17','2016-07-04 15:11:17'),
	(22,'Юлия','Щербаков','nelli79@hotmail.com','$2y$10$s549rcUKpn0ItsoK8TUpueiHmaNLZI3itezjdsZCwq/rYq9UqH4by','2016-07-04 15:11:17','2016-07-04 15:11:17'),
	(23,'Розалина','Соболев','bobrov.dobryna@hotmail.com','$2y$10$owKHYdLKDfF1nxeJUF5Zk.MZkOmvsSws.mXRpgRCoTFkoFSaoY/Xe','2016-07-04 15:11:17','2016-07-04 15:11:17'),
	(24,'Викентий','Маслов','tersov@uvarov.ru','$2y$10$.l/KfOfBZJEN.8sIv36aDuaTTRIAzUSrICY7GN6w6d7GIT.N8KrQ6','2016-07-04 15:11:17','2016-07-04 15:11:17'),
	(25,'Раиса','Ильин','danila65@ya.ru','$2y$10$pWIY6oq/oPbpYyddfD/AxuI9bRGxnAxyI1oWLxnA5rWHqTkQVXhXG','2016-07-04 15:11:17','2016-07-04 15:11:17'),
	(26,'Марина','Гордеев','anastasia42@bogdanov.net','$2y$10$VLO8zGizUTSG4C83q5hhceREBdZKsRoOYaT/Ru4Xce0Q24VENhoWK','2016-07-04 15:11:17','2016-07-04 15:11:17'),
	(27,'Таисия','Марков','teterin.vaceslav@miheev.org','$2y$10$Ycid3ao2WSlPOD03kwyGuetH0K3fXcXQvIPiuFT6KaaZfUc.EmLxK','2016-07-04 15:11:17','2016-07-04 15:11:17'),
	(28,'Ярослав','Никифоров','vera18@sazonov.ru','$2y$10$UKyPvSsmJLc1zRumOokfWuuefQG1BDWfNYOm7F/zhTqlNEfxXrcxa','2016-07-04 15:11:17','2016-07-04 15:11:17'),
	(29,'Лаврентий','Суворов','dbelov@narod.ru','$2y$10$IhJWTtlU/rikHDY7DlD2MeezyXBQEU.HCqgl0pHWDw92AWC3wvNNK','2016-07-04 15:11:17','2016-07-04 15:11:17'),
	(30,'Клим','Лукин','vorobev.sergej@gmail.com','$2y$10$ddc5gGAcIokcsn64OYfGyeYrVoktvgwdjaUkzWW8QHZysDrhSMiP6','2016-07-04 15:11:17','2016-07-04 15:11:17'),
	(31,'Герман','Никонов','gvolkov@bk.ru','$2y$10$PZABjlCPhzolu1Li41kx5uEXoV/g/X8sSkWIutnTXT4LyYeoG8uNW','2016-07-04 15:11:18','2016-07-04 15:11:18'),
	(32,'Татьяна','Устинов','efomicev@gmail.com','$2y$10$OArFpph3fyQDwhADJxdyduA6beJYk9vbOGrLzxcBFE33OBFNQyp8y','2016-07-04 15:11:18','2016-07-04 15:11:18'),
	(33,'Всеволод','Матвеев','marina.siraev@mail.ru','$2y$10$ynYULrkuBeVPEiAW2pxlS.i0LZNsU42R1qxG2KCAwT0zHL54knR4G','2016-07-04 15:11:18','2016-07-04 15:11:18'),
	(34,'Феликс','Степанов','akrylov@strelkov.ru','$2y$10$VGhUSQ0ZOxZqVbfnzFLOD.b8/nIsiPfBPoIhc5BUAcXAKBeoEaYRW','2016-07-04 15:11:18','2016-07-04 15:11:18'),
	(35,'Август','Миронов','zakusev@yandex.ru','$2y$10$ebjvhHVi/zu2jhUBB4slouqItHvcEWugQTxrhBvdfcfhtook15Hpa','2016-07-04 15:11:18','2016-07-04 15:11:18'),
	(36,'Кузьма','Рожков','rrusakov@list.ru','$2y$10$b2mGNy5bxBeA.ZthuKVa6Of1GdLR4Eh/fZsVuRjUzO9xPz1wS/HzS','2016-07-04 15:11:18','2016-07-04 15:11:18'),
	(37,'София','Кондратьев','larisa.pavlov@makarov.ru','$2y$10$6m7JsR/gu1DvSvnhfL79m.bOVi9mI39TxMFxbnLWCOearhuyDbka2','2016-07-04 15:11:18','2016-07-04 15:11:18'),
	(38,'Абрам','Самсонов','alekseev.gavriil@mail.ru','$2y$10$2znlnJSKRMQa8nM2tyIqVOu0hixWCemaXcb.O.m2W/jIMpEW6j9Ki','2016-07-04 15:11:18','2016-07-04 15:11:18'),
	(39,'Лаврентий','Тимофеев','ivanov.antonina@narod.ru','$2y$10$B1zhvCxeb.s5GiGcLPnw8ufCOIBanywntcQktHLehn1wwSMGSZ5LS','2016-07-04 15:11:18','2016-07-04 15:11:18'),
	(40,'Флорентина','Зиновьев','wfrolov@mamontov.ru','$2y$10$yw78Qwk3J1CXXoduplEmOOdv1cJEkXKiPohI6Q1bN/eYNxJNFUks6','2016-07-04 15:11:18','2016-07-04 15:11:18'),
	(41,'Софья','Копылов','qzajcev@serbakov.ru','$2y$10$4OfqOjcs/CRDhVd7XM27POozrjesoguIUCYxt28LnxTM3daEXOupO','2016-07-04 15:11:18','2016-07-04 15:11:18'),
	(42,'Варвара','Ларионов','merkusev.immanuil@yandex.ru','$2y$10$1mkMBhXg.3Vwl6r8PkTOBeQqZ514poydAHXJ5ITxEqx6XAiSXMbt2','2016-07-04 15:11:18','2016-07-04 15:11:18'),
	(43,'Федосья','Третьяков','zlata.baranov@bespalov.net','$2y$10$H89nOJCo8FVklSTT2sZoPepatBzY32K85KN2fG.maHR8TnUzQSX5K','2016-07-04 15:11:18','2016-07-04 15:11:18'),
	(44,'Лаврентий','Кондратьев','belousov.anatolij@tihonov.com','$2y$10$r9BPOTZoHxVUo5r0bHYvWulgwpoup6GD9zrtVdwPPZkzNt5YfrO8.','2016-07-04 15:11:18','2016-07-04 15:11:18');

/*!40000 ALTER TABLE `adverts` ENABLE KEYS */;
UNLOCK TABLES;


# Дамп таблицы goods
# ------------------------------------------------------------

DROP TABLE IF EXISTS `goods`;

CREATE TABLE `goods` (
  `good_id` int(10) unsigned NOT NULL AUTO_INCREMENT,
  `good_name` varchar(255) COLLATE utf8_unicode_ci NOT NULL,
  `good_price` decimal(8,2) NOT NULL,
  `good_advert` int(10) unsigned NOT NULL,
  `created_at` timestamp NULL DEFAULT NULL,
  `updated_at` timestamp NULL DEFAULT NULL,
  PRIMARY KEY (`good_id`)
) ENGINE=InnoDB DEFAULT CHARSET=utf8 COLLATE=utf8_unicode_ci;

LOCK TABLES `goods` WRITE;
/*!40000 ALTER TABLE `goods` DISABLE KEYS */;

INSERT INTO `goods` (`good_id`, `good_name`, `good_price`, `good_advert`, `created_at`, `updated_at`)
VALUES
	(1,'Quae accusamus error quia dolores animi eos.',3967.00,36,'2016-07-04 15:10:20','2016-07-04 15:14:28'),
	(2,'Et est et aut modi possimus laborum.',4785.00,1,'2016-07-04 15:10:20','2016-07-04 15:10:20'),
	(3,'Nemo repudiandae neque sint suscipit voluptatem.',2586.00,2,'2016-07-04 15:10:20','2016-07-04 15:10:20'),
	(4,'Iure enim dolorem in eaque est saepe sint.',4045.00,3,'2016-07-04 15:10:20','2016-07-04 15:10:20'),
	(5,'Voluptas est consequatur qui magni possimus.',4921.00,1,'2016-07-04 15:10:20','2016-07-04 15:10:20'),
	(6,'Ipsum repellendus itaque et quis ut.',2847.00,1,'2016-07-04 15:10:20','2016-07-04 15:10:20'),
	(7,'Nobis quia autem natus molestiae dolores autem.',4645.00,2,'2016-07-04 15:10:20','2016-07-04 15:10:20'),
	(8,'Quos est est et.',2039.00,2,'2016-07-04 15:11:18','2016-07-04 15:11:18'),
	(9,'Magni omnis minus qui tempora est.',2135.00,2,'2016-07-04 15:11:18','2016-07-04 15:11:18'),
	(10,'Quia quod nam et accusamus aspernatur.',2574.00,3,'2016-07-04 15:11:18','2016-07-04 15:11:18'),
	(11,'Magni sunt et delectus. At voluptas libero eos.',3751.00,3,'2016-07-04 15:11:18','2016-07-04 15:11:18'),
	(12,'Cumque consequatur eveniet ipsam.',4860.00,2,'2016-07-04 15:11:18','2016-07-04 15:11:18'),
	(13,'A quae iure ipsa eum modi voluptas nulla.',2385.00,2,'2016-07-04 15:11:18','2016-07-04 15:11:18'),
	(14,'Eos aut libero ut atque.',3146.00,3,'2016-07-04 15:11:18','2016-07-04 15:11:18'),
	(15,'Eius et adipisci esse.',2125.00,3,'2016-07-04 15:11:18','2016-07-04 15:11:18'),
	(16,'Labore ratione eos dolores iusto.',3502.00,2,'2016-07-04 15:11:18','2016-07-04 15:11:18'),
	(17,'Quaerat aut quo officia eligendi.',2912.00,2,'2016-07-04 15:11:18','2016-07-04 15:11:18'),
	(18,'Magnam nemo deserunt tempora sequi est.',3709.00,1,'2016-07-04 15:11:18','2016-07-04 15:11:18'),
	(19,'Placeat ut sapiente nobis.',4279.00,2,'2016-07-04 15:11:18','2016-07-04 15:11:18'),
	(20,'Optio quam sunt qui aut.',3941.00,2,'2016-07-04 15:11:18','2016-07-04 15:11:18'),
	(21,'Ipsam sint sit qui rerum pariatur quisquam.',4236.00,1,'2016-07-04 15:11:18','2016-07-04 15:11:18'),
	(22,'Reiciendis earum fugit veniam et et.',3656.00,2,'2016-07-04 15:11:18','2016-07-04 15:11:18'),
	(23,'Iste sed explicabo et ipsam nobis.',2044.00,1,'2016-07-04 15:11:18','2016-07-04 15:11:18'),
	(24,'Impedit eius et est eum facilis repudiandae.',3200.00,2,'2016-07-04 15:11:18','2016-07-04 15:11:18'),
	(25,'Et unde aperiam quod rerum voluptatum sit.',3342.00,3,'2016-07-04 15:11:18','2016-07-04 15:11:18'),
	(26,'Labore hic dolor et quia assumenda.',4597.00,1,'2016-07-04 15:11:18','2016-07-04 15:11:18'),
	(27,'Nihil porro sapiente vitae officia ut magnam.',4806.00,3,'2016-07-04 15:11:18','2016-07-04 15:11:18'),
	(28,'Repellendus et dolores saepe ducimus est velit.',4870.00,1,'2016-07-04 15:11:18','2016-07-04 15:11:18'),
	(29,'Distinctio cum dolorum facere omnis iure ad non.',2681.00,1,'2016-07-04 15:11:18','2016-07-04 15:11:18'),
	(30,'Rerum vel officia numquam sit.',3394.00,1,'2016-07-04 15:11:18','2016-07-04 15:11:18'),
	(31,'Est sapiente natus et et debitis labore a.',4746.00,2,'2016-07-04 15:11:18','2016-07-04 15:11:18'),
	(32,'Sed corrupti consequatur dolorem velit repellat.',3595.00,1,'2016-07-04 15:11:18','2016-07-04 15:11:18'),
	(33,'Deleniti corrupti a quod.',4210.00,3,'2016-07-04 15:11:18','2016-07-04 15:11:18'),
	(34,'Quia non et quas aspernatur quia ut totam.',2180.00,1,'2016-07-04 15:11:18','2016-07-04 15:11:18'),
	(35,'Culpa qui totam doloremque vel.',4054.00,3,'2016-07-04 15:11:18','2016-07-04 15:11:18'),
	(36,'Tempore autem totam velit.',3799.00,3,'2016-07-04 15:11:18','2016-07-04 15:11:18'),
	(37,'Totam qui neque iusto quas eos id similique.',2100.00,2,'2016-07-04 15:11:18','2016-07-04 15:11:18'),
	(38,'Incidunt esse aut odio voluptatem dolor ut.',2233.00,2,'2016-07-04 15:11:18','2016-07-04 15:11:18'),
	(39,'Sed illum ipsam et iste enim excepturi.',4878.00,2,'2016-07-04 15:11:18','2016-07-04 15:11:18'),
	(40,'Officia et iusto et.',3875.00,1,'2016-07-04 15:11:18','2016-07-04 15:11:18'),
	(41,'Et adipisci est nulla in occaecati.',4069.00,2,'2016-07-04 15:11:18','2016-07-04 15:11:18'),
	(42,'Velit sit perspiciatis exercitationem eveniet.',4834.00,2,'2016-07-04 15:11:18','2016-07-04 15:11:18'),
	(43,'Ad tempore quia earum consequatur.',2735.00,2,'2016-07-04 15:11:18','2016-07-04 15:11:18'),
	(44,'Tenetur id minus eum sed.',2963.00,3,'2016-07-04 15:11:18','2016-07-04 15:11:18');

/*!40000 ALTER TABLE `goods` ENABLE KEYS */;
UNLOCK TABLES;


# Дамп таблицы migrations
# ------------------------------------------------------------

DROP TABLE IF EXISTS `migrations`;

CREATE TABLE `migrations` (
  `migration` varchar(255) COLLATE utf8_unicode_ci NOT NULL,
  `batch` int(11) NOT NULL
) ENGINE=InnoDB DEFAULT CHARSET=utf8 COLLATE=utf8_unicode_ci;

LOCK TABLES `migrations` WRITE;
/*!40000 ALTER TABLE `migrations` DISABLE KEYS */;

INSERT INTO `migrations` (`migration`, `batch`)
VALUES
	('2014_10_12_000000_create_users_table',1),
	('2014_10_12_100000_create_password_resets_table',1),
	('2016_07_04_103000_states',2),
	('2016_07_04_103001_adverts',2),
	('2016_07_04_103002_goods',2),
	('2016_07_04_103048_orders',2);

/*!40000 ALTER TABLE `migrations` ENABLE KEYS */;
UNLOCK TABLES;


# Дамп таблицы orders
# ------------------------------------------------------------

DROP TABLE IF EXISTS `orders`;

CREATE TABLE `orders` (
  `order_id` int(10) unsigned NOT NULL AUTO_INCREMENT,
  `order_state` int(10) unsigned NOT NULL,
  `order_good` int(10) unsigned NOT NULL,
  `order_add_time` timestamp NOT NULL,
  `order_client_phone` varchar(255) COLLATE utf8_unicode_ci NOT NULL,
  `order_client_name` varchar(255) COLLATE utf8_unicode_ci NOT NULL,
  `created_at` timestamp NULL DEFAULT NULL,
  `updated_at` timestamp NULL DEFAULT NULL,
  PRIMARY KEY (`order_id`)
) ENGINE=InnoDB DEFAULT CHARSET=utf8 COLLATE=utf8_unicode_ci;

LOCK TABLES `orders` WRITE;
/*!40000 ALTER TABLE `orders` DISABLE KEYS */;

INSERT INTO `orders` (`order_id`, `order_state`, `order_good`, `order_add_time`, `order_client_phone`, `order_client_name`, `created_at`, `updated_at`)
VALUES
	(1,2,1,'2016-07-04 15:10:20','(35222) 89-7150','Клавдия Сергеевна Ильина','2016-07-04 15:10:20','2016-07-04 15:10:20'),
	(2,3,1,'2016-07-04 15:10:20','(495) 927-6247','Виноградова Ева Фёдоровна','2016-07-04 15:10:20','2016-07-04 15:10:20'),
	(3,2,3,'2016-07-04 15:10:20','+7 (922) 152-1148','Евдокимов Мирослав Дмитриевич','2016-07-04 15:10:20','2016-07-04 15:10:20'),
	(4,3,1,'2016-07-04 15:10:20','(495) 636-5424','Альбина Борисовна Самойлова','2016-07-04 15:10:20','2016-07-04 15:10:20'),
	(5,3,1,'2016-07-04 15:10:20','(812) 084-21-25','Ева Львовна Зыкова','2016-07-04 15:10:20','2016-07-04 15:10:20'),
	(6,2,2,'2016-07-04 15:10:20','(812) 076-12-33','Лев Иванович Афанасьев','2016-07-04 15:10:20','2016-07-04 15:10:20'),
	(7,2,1,'2016-07-04 15:10:20','(495) 682-1699','Марк Алексеевич Богданов','2016-07-04 15:10:20','2016-07-04 15:10:20'),
	(8,1,1,'2016-07-04 15:10:20','(35222) 73-0544','Макаров Мирослав Владимирович','2016-07-04 15:10:20','2016-07-04 15:10:20'),
	(9,1,1,'2016-07-04 15:11:18','+7 (922) 816-3077','Шарапов Герман Фёдорович','2016-07-04 15:11:18','2016-07-04 15:11:18'),
	(10,2,3,'2016-07-04 15:11:18','+7 (922) 866-0867','Регина Львовна Константинова','2016-07-04 15:11:18','2016-07-04 15:11:18'),
	(11,2,3,'2016-07-04 15:11:18','8-800-032-0304','Василий Владимирович Казаков','2016-07-04 15:11:18','2016-07-04 15:11:18'),
	(12,1,3,'2016-07-04 15:11:18','(812) 574-81-01','Анастасия Дмитриевна Евдокимова','2016-07-04 15:11:18','2016-07-04 15:11:18'),
	(13,2,1,'2016-07-04 15:11:18','(35222) 03-6027','Пахомов Глеб Сергеевич','2016-07-04 15:11:18','2016-07-04 15:11:18'),
	(14,1,2,'2016-07-04 15:11:18','8-800-519-4962','Поляков Захар Евгеньевич','2016-07-04 15:11:18','2016-07-04 15:11:18'),
	(15,2,1,'2016-07-04 15:11:18','+7 (922) 083-0073','Шашкова Софья Владимировна','2016-07-04 15:11:18','2016-07-04 15:11:18'),
	(16,2,2,'2016-07-04 15:11:18','8-800-838-5081','Гордей Евгеньевич Зуев','2016-07-04 15:11:18','2016-07-04 15:11:18'),
	(17,1,1,'2016-07-04 15:11:18','8-800-353-4466','Муравьёва Наталья Дмитриевна','2016-07-04 15:11:18','2016-07-04 15:11:18'),
	(18,3,1,'2016-07-04 15:11:18','+7 (922) 265-1595','Ковалёв Спартак Фёдорович','2016-07-04 15:11:18','2016-07-04 15:11:18'),
	(19,2,3,'2016-07-04 15:11:18','(495) 040-4345','Богданова Капитолина Ивановна','2016-07-04 15:11:18','2016-07-04 15:11:18'),
	(20,1,3,'2016-07-04 15:11:18','+7 (922) 367-9299','Лада Борисовна Щукина','2016-07-04 15:11:18','2016-07-04 15:11:18'),
	(21,2,2,'2016-07-04 15:11:18','(495) 116-4877','Вишнякова Лада Львовна','2016-07-04 15:11:18','2016-07-04 15:11:18'),
	(22,3,3,'2016-07-04 15:11:18','(35222) 05-6009','Захарова Доминика Романовна','2016-07-04 15:11:18','2016-07-04 15:11:18'),
	(23,3,2,'2016-07-04 15:11:18','(495) 470-2488','Муравьёва Наталья Максимовна','2016-07-04 15:11:18','2016-07-04 15:11:18'),
	(24,3,1,'2016-07-04 15:11:18','(35222) 03-6623','Валерия Сергеевна Веселова','2016-07-04 15:11:18','2016-07-04 15:11:18'),
	(25,3,1,'2016-07-04 15:11:18','+7 (922) 882-2545','Крылова Софья Дмитриевна','2016-07-04 15:11:18','2016-07-04 15:11:18'),
	(26,3,1,'2016-07-04 15:11:18','(35222) 72-2673','Нестор Романович Максимов','2016-07-04 15:11:18','2016-07-04 15:11:18'),
	(27,1,3,'2016-07-04 15:11:18','8-800-394-5646','Афанасий Иванович Петров','2016-07-04 15:11:18','2016-07-04 15:11:18'),
	(28,3,3,'2016-07-04 15:11:18','(495) 368-4765','Голубев Денис Фёдорович','2016-07-04 15:11:18','2016-07-04 15:11:18'),
	(29,1,3,'2016-07-04 15:11:18','(35222) 38-7881','Сысоева Клементина Фёдоровна','2016-07-04 15:11:18','2016-07-04 15:11:18'),
	(30,1,3,'2016-07-04 15:11:18','8-800-413-5664','Лада Романовна Шестакова','2016-07-04 15:11:18','2016-07-04 15:11:18'),
	(31,1,3,'2016-07-04 15:11:18','(495) 298-4934','Морозова Екатерина Алексеевна','2016-07-04 15:11:18','2016-07-04 15:11:18'),
	(32,2,2,'2016-07-04 15:11:18','(495) 602-0407','Игнатова Розалина Дмитриевна','2016-07-04 15:11:18','2016-07-04 15:11:18'),
	(33,3,1,'2016-07-04 15:11:18','+7 (922) 219-3094','Татьяна Борисовна Савина','2016-07-04 15:11:18','2016-07-04 15:11:18'),
	(34,3,2,'2016-07-04 15:11:18','8-800-726-3391','Ираклий Евгеньевич Аксёнов','2016-07-04 15:11:18','2016-07-04 15:11:18'),
	(35,3,3,'2016-07-04 15:11:18','(812) 588-97-81','Кононова Ольга Романовна','2016-07-04 15:11:18','2016-07-04 15:11:18'),
	(36,1,1,'2016-07-04 15:11:18','(35222) 30-7669','Евгения Евгеньевна Кабанова','2016-07-04 15:11:18','2016-07-04 15:11:18'),
	(37,2,1,'2016-07-04 15:11:18','+7 (922) 713-2687','Яна Фёдоровна Ларионова','2016-07-04 15:11:18','2016-07-04 15:11:18'),
	(38,1,2,'2016-07-04 15:11:18','(35222) 17-2911','Дроздова Марта Максимовна','2016-07-04 15:11:18','2016-07-04 15:11:18'),
	(39,2,3,'2016-07-04 15:11:18','(812) 306-45-86','Валентина Ивановна Филатова','2016-07-04 15:11:18','2016-07-04 15:11:18'),
	(40,2,1,'2016-07-04 15:11:18','(812) 052-89-02','Марков Игнат Максимович','2016-07-04 15:11:18','2016-07-04 15:11:18'),
	(41,1,2,'2016-07-04 15:11:18','(35222) 95-1227','Максим Дмитриевич Веселов','2016-07-04 15:11:18','2016-07-04 15:11:18'),
	(42,1,1,'2016-07-04 15:11:18','(35222) 89-0686','Милан Сергеевич Борисов','2016-07-04 15:11:18','2016-07-04 15:11:18'),
	(43,1,1,'2016-07-04 15:11:18','(495) 384-4972','Никонов Рафаил Максимович','2016-07-04 15:11:18','2016-07-04 15:11:18'),
	(44,3,1,'2016-07-04 15:11:18','(495) 462-7847','Осипова Капитолина Романовна','2016-07-04 15:11:18','2016-07-04 15:11:18'),
	(45,3,1,'2016-07-04 15:11:18','8-800-279-1354','Фёдор Дмитриевич Ефимов','2016-07-04 15:11:18','2016-07-04 15:11:18'),
	(46,1,1,'2016-07-04 15:11:18','+7 (922) 938-2653','Полина Фёдоровна Егорова','2016-07-04 15:11:18','2016-07-04 15:11:18');

/*!40000 ALTER TABLE `orders` ENABLE KEYS */;
UNLOCK TABLES;


# Дамп таблицы password_resets
# ------------------------------------------------------------

DROP TABLE IF EXISTS `password_resets`;

CREATE TABLE `password_resets` (
  `email` varchar(255) COLLATE utf8_unicode_ci NOT NULL,
  `token` varchar(255) COLLATE utf8_unicode_ci NOT NULL,
  `created_at` timestamp NOT NULL,
  KEY `password_resets_email_index` (`email`),
  KEY `password_resets_token_index` (`token`)
) ENGINE=InnoDB DEFAULT CHARSET=utf8 COLLATE=utf8_unicode_ci;



# Дамп таблицы states
# ------------------------------------------------------------

DROP TABLE IF EXISTS `states`;

CREATE TABLE `states` (
  `state_id` int(10) unsigned NOT NULL AUTO_INCREMENT,
  `state_name` varchar(255) COLLATE utf8_unicode_ci NOT NULL,
  `state_slug` varchar(255) COLLATE utf8_unicode_ci NOT NULL,
  `created_at` timestamp NULL DEFAULT NULL,
  `updated_at` timestamp NULL DEFAULT NULL,
  PRIMARY KEY (`state_id`)
) ENGINE=InnoDB DEFAULT CHARSET=utf8 COLLATE=utf8_unicode_ci;

LOCK TABLES `states` WRITE;
/*!40000 ALTER TABLE `states` DISABLE KEYS */;

INSERT INTO `states` (`state_id`, `state_name`, `state_slug`, `created_at`, `updated_at`)
VALUES
	(1,'Новый','new','2016-07-04 15:10:20','2016-07-04 15:10:20'),
	(2,'В работе','onoperator','2016-07-04 15:10:20','2016-07-04 15:10:20'),
	(3,'Подтвержден','accepted','2016-07-04 15:10:20','2016-07-04 15:10:20');

/*!40000 ALTER TABLE `states` ENABLE KEYS */;
UNLOCK TABLES;


# Дамп таблицы users
# ------------------------------------------------------------

DROP TABLE IF EXISTS `users`;

CREATE TABLE `users` (
  `id` int(10) unsigned NOT NULL AUTO_INCREMENT,
  `name` varchar(255) COLLATE utf8_unicode_ci NOT NULL,
  `email` varchar(255) COLLATE utf8_unicode_ci NOT NULL,
  `password` varchar(255) COLLATE utf8_unicode_ci NOT NULL,
  `remember_token` varchar(100) COLLATE utf8_unicode_ci DEFAULT NULL,
  `created_at` timestamp NULL DEFAULT NULL,
  `updated_at` timestamp NULL DEFAULT NULL,
  PRIMARY KEY (`id`),
  UNIQUE KEY `users_email_unique` (`email`)
) ENGINE=InnoDB DEFAULT CHARSET=utf8 COLLATE=utf8_unicode_ci;

LOCK TABLES `users` WRITE;
/*!40000 ALTER TABLE `users` DISABLE KEYS */;

INSERT INTO `users` (`id`, `name`, `email`, `password`, `remember_token`, `created_at`, `updated_at`)
VALUES
	(1,'Evgeniy','test@test.ru','$2y$10$B630oAu09OjuaP4mVUTCR.Qs2GmBUHc30DxYI3FuDBTapEHXQSAk6','Yc3TasJ8ReLsumYH8JxWFHdKTMRoX3DBTLuEtTvgmThBm9lBzUwMXuaru7ev','2016-07-04 09:26:31','2016-07-04 15:26:42'),
	(2,'Tamia Considine IV','tomasa20@example.net','$2y$10$jfJe0EC92U8sebsP/3.XReiCvV3PlU9vvN3k8DXA.Me02rEO/w/.C','lkeqPgws3B','2016-07-04 09:50:20','2016-07-04 09:50:20'),
	(3,'Prof. Jalyn Osinski','gottlieb.robin@example.org','$2y$10$XqUOG5c6WN.FX6Xnfs4iYe2eNWqoF3t0UnozxzBRB4juAe9NrFfSu','CXd6m6M7bM','2016-07-04 09:50:20','2016-07-04 09:50:20'),
	(4,'Mrs. Kyra Morissette I','lynch.triston@example.org','$2y$10$ZJqqyEBWAHXd01Z9YGq3se1AIQkI.bHBPXRP3TWxdvc8f5zKO/MuO','asGrM9qEkI','2016-07-04 09:50:20','2016-07-04 09:50:20'),
	(5,'Zachary Boyle','vcrona@example.net','$2y$10$9IZWHYUBFJcG5M2nt05Th.riPqIroWRM262zMXuVtEHmuilhUyzeS','P6blMBOe5T','2016-07-04 09:50:20','2016-07-04 09:50:20'),
	(6,'Dr. Harmon Powlowski','art.denesik@example.com','$2y$10$a2tn8IN9fpjF7OOn7330OeuzqiHxlGiVHImpdWHXMiU9T/Da/BEaK','Lb2o9u0C1I','2016-07-04 09:50:20','2016-07-04 09:50:20'),
	(7,'Sterling Tillman','eldridge55@example.com','$2y$10$M8UTL1v5SCg5ZUKWnFRHjOWdEklc4L2P05H.RxNT2YQVHP53QsZru','lwn7BmBaJ6','2016-07-04 09:50:20','2016-07-04 09:50:20'),
	(8,'Dr. Wilfredo Sporer IV','debert@example.net','$2y$10$wipr5RcsAFi2oGwADDZsy.5615KWB2/wMW6so99mRsYmLp2x4SLkK','nX6AZdQtuc','2016-07-04 09:50:20','2016-07-04 09:50:20'),
	(9,'Libby Beatty','mccullough.eleazar@example.org','$2y$10$l6JO5Hm.RUPdjN8QD9OZ5e7OGAl0i4asm6GtLDBWxptoqKg4sE.jC','SSIWXcDafI','2016-07-04 09:50:20','2016-07-04 09:50:20'),
	(10,'Miss Bernadine West','roob.parker@example.com','$2y$10$bpPCiX7dOWUIs87v/Fc/b.BrqczhR9WjBaWxnOhzY97dvtzZeiTza','yAwCoIFaO4','2016-07-04 09:50:20','2016-07-04 09:50:20'),
	(11,'Johann Swift','gislason.lourdes@example.org','$2y$10$/JifKxaZrIS26aiwFLplkuxPj4M75/n.dQ1.M7WO.w81KfcpHRPyy','y8ZYhzCfTT','2016-07-04 09:50:20','2016-07-04 09:50:20'),
	(12,'Mrs. Carley Schmitt DDS','william.oreilly@example.com','$2y$10$cvXhY.NtWrIPZV62wtq42eCimGiCtTMvGOZzvqjUSlBGKaDEHVX9q','G08gMWFAKs','2016-07-04 09:50:20','2016-07-04 09:50:20'),
	(13,'Dr. Trisha Kshlerin','calista.jacobs@example.com','$2y$10$DI8n2svU4jkDo0LMjoBk0OxC1ziPnMwayuNFivFcYdY6Jwx9p.kcC','GEGUWuzCXM','2016-07-04 09:50:20','2016-07-04 09:50:20'),
	(14,'Sunny Schuppe','williamson.eliza@example.com','$2y$10$7OWYPF0RwEPVw40K.TV6jugrowSuCHsZ.BcGucGCeeN8SJoUJqPpm','azz9SO6zvc','2016-07-04 09:50:20','2016-07-04 09:50:20'),
	(15,'Holden Jast','srunte@example.org','$2y$10$1dFb7DbbDeRwt/YopLbX8eLfeOPk6ci4vnFqq3RuilrxvNeAibMmm','YuPlTRRbZa','2016-07-04 09:50:20','2016-07-04 09:50:20'),
	(16,'Ms. Naomie Roob','jstark@example.com','$2y$10$NHrDOwq1nPnImk.CdXhcJeHJZr2kpeVLZQeuxHC.z8vztdHndiPcG','sLr9cZggf5','2016-07-04 09:50:20','2016-07-04 09:50:20'),
	(17,'Fredrick Konopelski','mazie71@example.org','$2y$10$.HGrInBbchw/7TZOqJ4aZO1B4FWLGgyMIYGxZJwYE0ALTd/Rf.wf.','LDy92mDtHn','2016-07-04 09:50:20','2016-07-04 09:50:20'),
	(18,'Ms. Katrina Kuhic Sr.','rosalia.wiegand@example.net','$2y$10$HUwUUrS8ENg/lWKpumZoP.iKJ6w1D9hWgSOtfjvHlflXoQ63QmTpu','U2F2mKn3pI','2016-07-04 09:50:20','2016-07-04 09:50:20'),
	(19,'Litzy Botsford','gudrun.okon@example.com','$2y$10$q9enwGK5IFUja22EWBFeBeSKSr9fxHrDzSwtzuF9IYxFgtE6YIYWW','OhyE31Ou0t','2016-07-04 09:50:20','2016-07-04 09:50:20'),
	(20,'Prof. Mario Treutel','bmann@example.net','$2y$10$.Sr.CWSiMf/lrvTKFCMqSew1GRUQrhSChkSEerTxbm7Sd9gyQYkWy','qNkllLcaam','2016-07-04 09:50:20','2016-07-04 09:50:20'),
	(21,'Prof. Earl Weber Sr.','rmuller@example.com','$2y$10$MuFqvvVEiPlIb8LlsO5e4ezCznmVO5eFm.DjquvIfVZwUACOZLxvS','Yu5ZT1lC7K','2016-07-04 09:50:20','2016-07-04 09:50:20'),
	(22,'Asa Witting','reichel.alivia@example.net','$2y$10$e.yebZD6pcBheNxJRGWHJeCvV3DlPse4Djs7Ejpbb6ZxEeoBBba5y','ZNyqiLnqZg','2016-07-04 09:50:20','2016-07-04 09:50:20'),
	(23,'Minnie Crona DDS','dickens.arturo@example.org','$2y$10$kFUsly9Wr/YghLQC37OmUuf1Dyv6B9ImNF/l8vSAiBq1xOppt9HU.','rJQVzUGqPF','2016-07-04 09:50:20','2016-07-04 09:50:20'),
	(24,'Dr. Royce Erdman DVM','flavie77@example.com','$2y$10$bpf3Xdvnwy3k4y0gIxB3D.IEjHOvtnKkc.LuSiTY3MTMXY0ZROrEe','3F4HeRVj7i','2016-07-04 09:50:20','2016-07-04 09:50:20'),
	(25,'Treva Wyman','geovanni80@example.net','$2y$10$3FJcMe6uZy27LrT7OTFtqu4ZC7vE/kNqoXapDDwfH74rg/3Z/cXVC','VuAY8luVAn','2016-07-04 09:50:20','2016-07-04 09:50:20'),
	(26,'Delores Rau','pacocha.valentin@example.org','$2y$10$SF3950jFRcwFuMvDKGt28.vjx6v3gGKNoXYMQWS5qXAC.nQpyHraa','9NlnpDLBlb','2016-07-04 09:50:20','2016-07-04 09:50:20'),
	(27,'Laura Friesen','talia97@example.com','$2y$10$SsRZ5/xfJAAaIofYFe98WOEsI01h5b1knYWmbhiefBJG8hl6M4wvi','FGCptcD8K8','2016-07-04 09:50:20','2016-07-04 09:50:20'),
	(28,'Dr. Trace Conroy PhD','fhudson@example.org','$2y$10$gcbgPH0bH.bS4aMAzeYXJ.bspvGp9rUlt1LxznkXoSdmdcpPdkg3a','NPCUoGtMEz','2016-07-04 09:50:20','2016-07-04 09:50:20'),
	(29,'Price Prohaska','chanel92@example.org','$2y$10$Rdp2T7nJo0vwlxHtzHmqrOWFi0/mSP5R/GWm3Q9WusqIl7QztMMSa','uunSEOF7KQ','2016-07-04 09:50:20','2016-07-04 09:50:20'),
	(30,'Marianna O\'Connell','katrina.green@example.com','$2y$10$J2Yf1JhqbK06Fv4DBzt0Beg7hWmpXkwcZyFEq0Dxga1ndZDxcpzD2','CW4eZ3mlQ4','2016-07-04 09:50:20','2016-07-04 09:50:20'),
	(31,'Lonzo Shanahan DDS','pchamplin@example.net','$2y$10$gsIkbL0G06VT2vuSxbGPwOhHpr3dMJS8oa2hC5EfWferdlIcPrgha','42AK0Homp3','2016-07-04 09:50:20','2016-07-04 09:50:20'),
	(32,'Aurelia Schimmel','chanel.hintz@example.com','$2y$10$WYnppo.XYXKbO04xebKSC.IO7ZKicuUUJ4BwGMkl6kWHLb2QqDT9C','crv3zyH9gp','2016-07-04 09:50:20','2016-07-04 09:50:20'),
	(33,'Wilfrid Dietrich','peter78@example.net','$2y$10$07jBZB/2R5rBz9tCCqPk0.rohCvWWTrksIZ.oMTwjhIr276sjYa5.','1LcJxV6irI','2016-07-04 09:50:20','2016-07-04 09:50:20'),
	(34,'Myrl Bechtelar','kenyatta.morissette@example.org','$2y$10$SXuCY7gERtUdQTCiAJxRcuIBXpdac8xelrsU5SBmq0H4iagQLj9Eq','FJsHvVAcMt','2016-07-04 09:50:20','2016-07-04 09:50:20'),
	(35,'Maggie Simonis DDS','dejuan.hahn@example.net','$2y$10$An8JTMBqiUQY9EhmHU0iCOpOkckM9fpFHzafj8doI1pbKJyD/R9kO','Tlgqt3RScs','2016-07-04 09:50:20','2016-07-04 09:50:20'),
	(36,'Stan Hermann','ekessler@example.org','$2y$10$0RxX0m0h7.omlhR6KV/gpu0MCIlxalFWFGdP1obXdc.HehxV.t4xy','qdqXDZEby7','2016-07-04 09:50:20','2016-07-04 09:50:20'),
	(37,'Assunta Beatty','aryanna.jones@example.org','$2y$10$HdTJFu0TQGd0n9rjNydCe.4iFI3ByORdmPrl9MbAhMCIMDq3FQwV2','fVfVK7ZGC0','2016-07-04 09:50:20','2016-07-04 09:50:20'),
	(38,'Jules Schimmel','gutkowski.devon@example.net','$2y$10$kiTnoDUHWCVp9jHV34Y60uNLcce320ceoJRU93QPZA4tgovDEpCRm','KCrZbr7Uc3','2016-07-04 09:50:20','2016-07-04 09:50:20'),
	(39,'Prof. Orland Reinger','kreiger.abigale@example.net','$2y$10$58SN7mACRnX9uCq/WeRD.uJMXDA8RLlO1Ioa4FclxVhRGVimsbn/y','hR2GJh5vkM','2016-07-04 09:50:20','2016-07-04 09:50:20'),
	(40,'Llewellyn Graham','carleton71@example.com','$2y$10$TivXag.0/bx377hmdWVOyuNxULu.pmV5lZ39OLh7K1pFa/BUfzZF6','7N6C2lJdbo','2016-07-04 09:50:20','2016-07-04 09:50:20'),
	(41,'Mr. Nolan Jakubowski','abergstrom@example.com','$2y$10$okFfSJ4QK047gnYJA.ltT.tidiTAKZh4t6H5LMbQ29aP0A4sx83P.','lzstBUlbC3','2016-07-04 09:50:20','2016-07-04 09:50:20'),
	(42,'Aliza Kub','jmann@example.net','$2y$10$esx./Z/8jAOYuHX8l7X/E.U32B9HP.90TOV3AbPQcxSGD2qKA3xBK','c1QXxzfsyM','2016-07-04 09:50:20','2016-07-04 09:50:20'),
	(43,'Mrs. Carmen Toy IV','oblanda@example.org','$2y$10$nc0PhU.RvS/Im1Q.d/vyT.zRKCXV/.hhUVLFXrTUW75acXqbc2an2','2py9cSUN6X','2016-07-04 09:50:20','2016-07-04 09:50:20'),
	(44,'Freida Nolan','roosevelt.leannon@example.org','$2y$10$hxv04VN9fK.c09rhWXiareOVATxQwX0d2vftowboBshgeRIZnPkUe','33gOIQsMZ0','2016-07-04 09:50:20','2016-07-04 09:50:20'),
	(45,'Dr. Allan Prosacco','khackett@example.org','$2y$10$tJGushTQEehz6qWQq5YA3.gf/Uf8r5j/cYeEXXeiplLlhrJJSCiGS','mjX1PezGfF','2016-07-04 09:50:20','2016-07-04 09:50:20'),
	(46,'Randal Mann','fgoyette@example.com','$2y$10$MrHJsbcxDsrOoPm.HS876ecWknweRALMF/FSvl2C.oFRiKTkmjoy2','aauTfq2ra5','2016-07-04 09:50:20','2016-07-04 09:50:20'),
	(47,'Rosa Collier','lkuhlman@example.com','$2y$10$mXR5pB1qEifal8krPBxwSO8fTfCBUOW44VBJR0mlLmEnHkS5OhMO2','dXx0EW0rG7','2016-07-04 09:50:20','2016-07-04 09:50:20'),
	(48,'Lorine Willms','liana50@example.net','$2y$10$lwCFWTAj9YI2dCGL/CiASuApbII2xgRqsgqrZikz5NfJkh6gRem1q','F7hoHtdLrR','2016-07-04 09:50:20','2016-07-04 09:50:20'),
	(49,'Prof. Layla Macejkovic','juliet64@example.net','$2y$10$Qk/DSZAnrYvXqxLeh5yvc.iA8nWM1QwRJZrxtQuYeEsEuS4u1F/3y','DDsgOwy6hD','2016-07-04 09:50:20','2016-07-04 09:50:20'),
	(50,'Emma Monahan Jr.','lebsack.chaz@example.com','$2y$10$D2CU9DVsfkF2nyhoa6Oa3ewiTCuQzeHqneRlTXdtpS1iOH9Hqto8W','zakQqqgd3j','2016-07-04 09:50:20','2016-07-04 09:50:20'),
	(51,'Gennaro Von','mmohr@example.org','$2y$10$qZiYiMdhy7yR25E5t0rZHux/GRkIdV9UleuxOFMQNSVZvPnpbixrm','lNcmEmQSpe','2016-07-04 09:50:20','2016-07-04 09:50:20'),
	(52,'Alison Dach','ondricka.jermaine@example.net','$2y$10$DKmlMdTjYqiA/mok7MX6kuY04YJkk/kDTHzQ2tgCiJaPUAwud8u3q','2KDRLPXFbT','2016-07-04 09:50:20','2016-07-04 09:50:20'),
	(53,'Prof. Jovan McDermott','hailie.simonis@example.org','$2y$10$wsc8HYq46nVMt6XvGTEH4.CnqCAbSRZJYPoLPBNar7Cygy55GxF0u','yKPYrYgK8J','2016-07-04 09:50:20','2016-07-04 09:50:20'),
	(54,'Edgardo Mertz','humberto.pollich@example.net','$2y$10$PHc.2YAFQrmxXde2mjNFPefdn3Ev2n2fRWKEDdRbekIbiSZXXNT1y','6P7gqQ8Aun','2016-07-04 09:50:20','2016-07-04 09:50:20'),
	(55,'Frederique Padberg','shields.savanah@example.org','$2y$10$gSPJrCd6C58T7wK2RlgSG.uJ/c8mLLX6Vp1JkpUvXiAq5YN40HWte','0eQiotyMQZ','2016-07-04 09:50:20','2016-07-04 09:50:20'),
	(56,'Pablo Rohan V','ernest02@example.com','$2y$10$RpzZa2Xn2MgFDVCyJi2yQujUhlldl8lWimS.t4806FABa2knomiHS','fN3kAJ1TFz','2016-07-04 09:50:20','2016-07-04 09:50:20'),
	(57,'Ms. Margie Christiansen DVM','cory92@example.org','$2y$10$b2X0L051RkFH9WW2qMSmuezHoJqGamAbM1VhIhKMqGx0Ox.thVYA6','byO67nqwYE','2016-07-04 09:50:20','2016-07-04 09:50:20'),
	(58,'Daisha Lind','conor24@example.net','$2y$10$EAFTNeGq2nb1wZph0ClX1e9eemyO81sOie9QlYcGISrujIWa8Pe1m','UTabeqTnZE','2016-07-04 09:50:20','2016-07-04 09:50:20'),
	(59,'Hazel Hickle IV','cturcotte@example.net','$2y$10$e/VJhOVFFKQ0hN8WEiw4XuiaOZ0OluvXO9D/kXex732mVUHQeQMau','kbMQGGDvdQ','2016-07-04 09:50:20','2016-07-04 09:50:20'),
	(60,'Kaylie Grant','shayna.wuckert@example.org','$2y$10$jjBpU0NJi.wHmkTMuFSx/.cpN.eHCVp73DKo9wrYmh0eP8vz5r6R2','2E3ie3nI0B','2016-07-04 09:50:20','2016-07-04 09:50:20'),
	(61,'Miss Helga Murphy','dach.kay@example.net','$2y$10$UomRP3eSVum/.sucM9UfneQ7DkXUpDZLONleocDxVFaCnSB0ejbzC','9bF0KulgVD','2016-07-04 09:50:20','2016-07-04 09:50:20'),
	(62,'Laurine Stracke V','vandervort.dean@example.net','$2y$10$R1tvKjzyN8RG.ni1KcdFpuO7tFtHcNVsymKpl6mEkqhRHBnaYLm5e','Wfm4HKSrGC','2016-07-04 09:50:20','2016-07-04 09:50:20'),
	(63,'Blanche D\'Amore DVM','gayle12@example.net','$2y$10$qJVs1.YBNrAj8Y5jkIsl2OVsi/trLoMNHs4mu3Nbj/BlBflnmDgaW','cVBlf9XO8v','2016-07-04 09:50:20','2016-07-04 09:50:20'),
	(64,'Jacquelyn Mann','violet98@example.com','$2y$10$b/1FM2pGrA7iSd34oxmVxOj44aDr1UT7hp7mo3WnS.29sB8KN7HLS','WzfXuqPcid','2016-07-04 09:50:20','2016-07-04 09:50:20'),
	(65,'Jillian Stamm DVM','vlang@example.org','$2y$10$u/kx1fxQf59tD3YoHvKAr.o3/bNd1u.q/JhW7Hi0fQuFU2yFF59KS','q6OkeR3f3Y','2016-07-04 09:50:20','2016-07-04 09:50:20'),
	(66,'Ada Zulauf','vernice.hauck@example.net','$2y$10$G50E5Eopghb1yhe3iD4IyuoNph7oRCaK0qdrpCFMmwWKnf5SB86ve','yp8MMy4p1x','2016-07-04 09:50:20','2016-07-04 09:50:20'),
	(67,'Brown Wolff','anahi03@example.net','$2y$10$xe4nmLV1yj3x/SiCbF070eRCvLvYybr8iVgdvJN53fMTT.Ncds9jS','vcUD4OwR4a','2016-07-04 09:50:20','2016-07-04 09:50:20'),
	(68,'Horacio Gottlieb','daphnee.deckow@example.org','$2y$10$NPc5jkLSNgx03WiJf/ONROAYifHzYJSsb1nTmjrWUv/9Ni8eNOlsK','l7dNWMpSC2','2016-07-04 09:50:20','2016-07-04 09:50:20'),
	(69,'Lamar Bosco DVM','john.mills@example.com','$2y$10$i8J9V9CjY8DxD1q9Jphc4.ohgXT7r11cjPfZprVuJ0cjG9Q8IZdwO','rDXkTXmux9','2016-07-04 09:50:20','2016-07-04 09:50:20'),
	(70,'Avery Mraz','ladarius.hagenes@example.org','$2y$10$bWiw2VWPasTrehtRKo3eKur2jwFLBR/4jKh59zwBEvLDZLvdcnKjy','qqjBP5nRLb','2016-07-04 09:50:20','2016-07-04 09:50:20'),
	(71,'Jerrell Hodkiewicz','alessandra84@example.net','$2y$10$P0.Xuwg.R8XIeH08gDftCe.3.TsD1L38Rsv36oJ2zvlmYny2Vruzy','cfQ0203rKB','2016-07-04 09:50:20','2016-07-04 09:50:20'),
	(72,'Fredy Nader','rosie.muller@example.com','$2y$10$1I3TIYg8LKXwc1WpZGrm4uMrJFo8gbF.F0sjOimsqGW8YaWiQjYwa','eWYSkz7EYr','2016-07-04 09:50:20','2016-07-04 09:50:20'),
	(73,'Meta Bogan','haag.danny@example.net','$2y$10$62mZPv84NyrZo0KETc9TuO9H673ImerUzwftL5/QX0URKjdt1YCoy','R5mq8hVzgz','2016-07-04 09:50:20','2016-07-04 09:50:20'),
	(74,'Emery Harber','koelpin.harmon@example.net','$2y$10$3q7dhcHJ7j4Uc5c3sJPCJOas6dxnbArrj9JqZ0fcRQmXPtvUb1BNG','go7SZXWmDG','2016-07-04 09:50:20','2016-07-04 09:50:20'),
	(75,'Lucio Connelly','ccartwright@example.com','$2y$10$DMqE1sMcMXZ1df5LyXSKY.sYgj0cpcKisxePflBVyAxLvona4JIOW','A6fVhUyxvv','2016-07-04 09:50:20','2016-07-04 09:50:20'),
	(76,'Dr. Rogers Ryan','iwisozk@example.com','$2y$10$hD6UupceYHXxuRuQcQhmqeZvgLjJjHK/Jjb2mYHUqwi/TbEma4tX2','IBQBnjPYql','2016-07-04 09:50:20','2016-07-04 09:50:20'),
	(77,'Jerry Wolff','chelsie64@example.com','$2y$10$p7BNf7Gz9BXXy5IoZT5dl.3TCOE4eF7RNb7WDqK1LF1mpZr/SpwcW','Uvi2wv5LmY','2016-07-04 09:50:20','2016-07-04 09:50:20'),
	(78,'Prof. Winona Pacocha','lueilwitz.antone@example.com','$2y$10$qfboMZsygLrkCMVrGqg/Z.EcSuVQZymruOLJWKMdnug5.PhNRSSTG','YM8xMfHNNq','2016-07-04 09:50:20','2016-07-04 09:50:20'),
	(79,'Prof. Marco Erdman III','vondricka@example.com','$2y$10$jPmhlbvtarwDjk78sx331.IrlgRynUvtboFNxwhZBx.uvoei0bOKK','qioiTh2DDD','2016-07-04 09:50:20','2016-07-04 09:50:20'),
	(80,'Abbigail Gorczany','meggie.padberg@example.com','$2y$10$rrBkAhngekjYXSC2QMFqMu/.4d1qCR/K5rlkcw8fagSTx6QdbiobS','EaycgEqlnA','2016-07-04 09:50:20','2016-07-04 09:50:20'),
	(81,'Dr. Madelyn Ward','hroob@example.com','$2y$10$8IEEnGJNpZcsD6voxA74vOfNlT8oB1M8Nqm3FDsLS.oo9VSIVKs8G','aFsPPdK0ZJ','2016-07-04 09:50:20','2016-07-04 09:50:20'),
	(82,'Esta Kozey','kurt.gutkowski@example.net','$2y$10$bMzqVPIqRkffmKR8lcibSuf6/Hi9ydBn6VjtmzQy9nEHNldBH9FZ.','vGJDXHoVfc','2016-07-04 09:50:20','2016-07-04 09:50:20'),
	(83,'Obie Heathcote','tdurgan@example.org','$2y$10$FkxBhBgBjg.3vg8h.8Edqu4nnr4owbm58qqvDup8qDqUZMFhr3sIS','RPQCOPtDtp','2016-07-04 09:50:21','2016-07-04 09:50:21'),
	(84,'Prof. Michel Bernier II','anderson.keebler@example.net','$2y$10$E.YkCcPkol1ZD3mKkGRx.uYQKes.k5uaGqAQEWvZykIRH6NFGLrKq','ex0PCVetxh','2016-07-04 09:50:21','2016-07-04 09:50:21'),
	(85,'Enola Kirlin','zswaniawski@example.net','$2y$10$iE5BUwhRq4H./f8sXDzE7.teCN67Di9SS3LN6ImxgOYvG0WOu7.Wa','mxfMN0VO1y','2016-07-04 09:50:21','2016-07-04 09:50:21'),
	(86,'Dr. Patricia Schiller','allie31@example.com','$2y$10$TGpb2oegjnPJT1SBRQPzZOxzP4zBPoMLyt5S0em4uP7ckIuo0eU1S','ktmdpeTH26','2016-07-04 09:50:21','2016-07-04 09:50:21'),
	(87,'Collin Zboncak','wehner.franz@example.com','$2y$10$t7VJXncv3NV5T6GvlGERUu2HUbgOWxq8bpiH2CJ.Hdh4phsiFj0ba','lqZThc1EMO','2016-07-04 09:50:21','2016-07-04 09:50:21'),
	(88,'Willy Wolf','hermann.dorris@example.net','$2y$10$OkYfqJPMWinHbEBPyn2FGOy9tiyQpfmk2PdeQ5IxP6u4H5XAnf9wS','37ttXA1996','2016-07-04 09:50:21','2016-07-04 09:50:21'),
	(89,'Shaun Cormier','amir.kemmer@example.net','$2y$10$MHA1hz3qsLcCuMCPEzTbt.CPoC5gyYYkm.YyW29FAHfR3helGNjHu','NLX20SaIaZ','2016-07-04 09:50:21','2016-07-04 09:50:21'),
	(90,'Dewitt Runte','frunte@example.net','$2y$10$1C9NZDMobmCVXHDGbK6j9.eYOsdojNLUFvQg9SKjRDalF.wWjjo5C','NWMmB4OzHm','2016-07-04 09:50:21','2016-07-04 09:50:21'),
	(91,'Henderson Grimes','schinner.zaria@example.net','$2y$10$6ZIH2SzDBvysl1FXmVuqfugry5f0F9flQPWNZLiVG.QfVmZoGuEIy','VLOKkGhYsi','2016-07-04 09:50:21','2016-07-04 09:50:21'),
	(92,'Kris Hoppe','pwyman@example.com','$2y$10$XX4ctxnTw6moHwRU76CO2OKdBRPvQlZeRkwdmss3PWS7vjWRGqTd.','DB44IAqg3J','2016-07-04 09:50:21','2016-07-04 09:50:21'),
	(93,'Joyce Stracke','ortiz.jaylen@example.net','$2y$10$ln5BAVL.75NAysdV64nCg.eP/.mIevxp6tfVe5tC.ltC380aqyyNm','D7hYYI7XbL','2016-07-04 09:50:21','2016-07-04 09:50:21'),
	(94,'Olaf Volkman','nolan.arnaldo@example.com','$2y$10$fY2GAp9BNBG68JfR/fooB.IM6MZGGcnXhS7VVvqGJswcKieHCVGUe','kzGaJ2lPzZ','2016-07-04 09:50:21','2016-07-04 09:50:21'),
	(95,'Ruth Huels','oberbrunner.pascale@example.net','$2y$10$WoSDbLpudn4bRZPtta5qCuz2sC1ruGDjWzjM6fMok18cb3IHSzyf6','IfukV1GU8c','2016-07-04 09:50:21','2016-07-04 09:50:21'),
	(96,'Cali Spencer','gislason.kassandra@example.org','$2y$10$Ag2CNCbu9ykJXcjFBtS60.NT/93XRjk1Gs3Wu7hxZovvzyDWEVIn.','zvJIVCn8UH','2016-07-04 09:50:21','2016-07-04 09:50:21'),
	(97,'Augustine Mayert','connelly.dulce@example.com','$2y$10$jAQn7Z9ER6HUVwlPCTtfo.mOTfxahLKjqJPEX1efs32BkSAvHyxnm','l4fFv07p0J','2016-07-04 09:50:21','2016-07-04 09:50:21'),
	(98,'Berenice Hyatt','april.bechtelar@example.net','$2y$10$ZiD3Kbek9Z583FzEjEZ25u88rVc9/8vz/kRe4PHfvOBaj1ExzYV.u','aZvx5FMYIj','2016-07-04 09:50:21','2016-07-04 09:50:21'),
	(99,'Brendon Bradtke DVM','wlakin@example.org','$2y$10$sfrDHSfqvadDqjwvFX68.eAeCm2DSzS7ucyhAOSt/fNgHFYqtfnye','us5Aa5xkKF','2016-07-04 09:50:21','2016-07-04 09:50:21'),
	(100,'Harvey Jerde','xwisoky@example.net','$2y$10$sSL5Mc3ZpANnRx4cl/gHxuGKtBeCm55icvtgF2qvtKzhoflTQlpaG','ZXUburFC7S','2016-07-04 09:50:21','2016-07-04 09:50:21'),
	(101,'Wendy Boyle','madonna37@example.org','$2y$10$SKSg.BCeib460uxAdqXk7ems6g2v2Afy2cymQ21OrNP1G8Nh3d/9.','BGDTeNYbSL','2016-07-04 09:50:21','2016-07-04 09:50:21');

/*!40000 ALTER TABLE `users` ENABLE KEYS */;
UNLOCK TABLES;



/*!40111 SET SQL_NOTES=@OLD_SQL_NOTES */;
/*!40101 SET SQL_MODE=@OLD_SQL_MODE */;
/*!40014 SET FOREIGN_KEY_CHECKS=@OLD_FOREIGN_KEY_CHECKS */;
/*!40101 SET CHARACTER_SET_CLIENT=@OLD_CHARACTER_SET_CLIENT */;
/*!40101 SET CHARACTER_SET_RESULTS=@OLD_CHARACTER_SET_RESULTS */;
/*!40101 SET COLLATION_CONNECTION=@OLD_COLLATION_CONNECTION */;
